4/15/2018,,Powerball Results | G NETWORK,,,,,
12/04/2018,14,16,18,31,32,33,17
05/04/2018,5,8,18,22,23,25,10
29/03/2018,4,7,8,10,14,16,10
22/03/2018,10,17,22,30,35,40,7
15/03/2018,1,6,9,18,21,34,15
08/03/2018,4,12,22,26,29,37,11
01/03/2018,8,16,17,24,30,39,8
22/02/2018,11,14,15,16,19,38,8
15/02/2018,5,6,12,25,36,37,7
08/02/2018,7,10,12,23,33,38,16
01/02/2018,20,24,26,27,35,38,3
25/01/2018,1,10,13,23,24,40,13
18/01/2018,3,8,13,19,35,36,6
11/01/2018,5,7,11,32,34,38,12
04/01/2018,8,15,19,20,23,24,5
28/12/2017,12,28,29,34,35,37,7
21/12/2017,7,10,15,27,32,33,9
14/12/2017,19,22,28,30,31,40,6
07/12/2017,8,11,23,26,34,39,13
30/11/2017,21,22,26,31,35,38,10
23/11/2017,17,27,33,35,36,39,7
16/11/2017,3,6,11,18,33,36,5
09/11/2017,15,18,20,27,29,38,20
02/11/2017,3,4,23,30,32,33,4
26/10/2017,4,15,23,29,34,39,5
19/10/2017,8,9,11,17,31,34,16
12/10/2017,1,11,15,28,30,32,20
05/10/2017,6,7,17,19,33,38,17
28/09/2017,1,6,13,14,25,32,7
21/09/2017,2,10,17,23,25,26,5
14/09/2017,15,25,26,30,31,37,18
07/09/2017,3,11,14,24,28,35,3
31/08/2017,14,22,25,34,36,38,10
24/08/2017,3,6,9,13,30,35,20
17/08/2017,4,5,12,26,32,38,6
10/08/2017,1,6,8,16,17,20,1
03/08/2017,6,9,19,22,30,38,10
27/07/2017,4,15,23,27,31,36,16
20/07/2017,5,14,15,22,23,25,9
13/07/2017,1,9,12,24,28,30,9
06/07/2017,10,11,13,19,22,38,20
29/06/2017,2,3,5,9,12,19,9
22/06/2017,12,17,25,35,36,40,17
15/06/2017,6,23,24,28,31,38,12
08/06/2017,6,7,10,17,20,25,15
01/06/2017,18,19,24,29,32,37,12
25/05/2017,4,24,27,32,35,39,13
18/05/2017,6,10,17,27,35,39,12
11/05/2017,10,19,21,23,26,36,10
04/05/2017,4,5,10,15,17,25,2
27/04/2017,19,20,24,30,36,38,3
20/04/2017,7,13,19,22,27,30,8
13/04/2017,1,5,23,26,33,34,10
06/04/2017,6,7,17,31,32,34,5
30/03/2017,1,5,7,19,28,30,6
23/03/2017,5,7,17,31,34,40,18
16/03/2017,13,22,27,30,34,40,17
09/03/2017,6,9,19,26,27,29,15
02/03/2017,9,25,30,34,36,40,11
23/02/2017,1,15,16,20,26,29,12
16/02/2017,15,22,24,25,26,29,16
09/02/2017,11,16,21,23,31,33,2
02/02/2017,20,23,28,31,35,40,3
26/01/2017,6,8,23,36,38,40,2
19/01/2017,10,22,31,32,33,35,19
12/01/2017,4,11,14,26,29,36,17
05/01/2017,6,8,23,31,36,39,15
29/12/2016,3,4,6,24,25,31,13
22/12/2016,4,10,16,26,29,39,18
15/12/2016,8,13,22,30,36,37,11
08/12/2016,3,5,13,20,37,38,14
01/12/2016,9,12,23,34,37,38,7
24/11/2016,5,12,13,18,25,40,5
17/11/2016,4,10,16,24,34,40,11
10/11/2016,7,19,23,26,30,37,5
03/11/2016,8,22,23,26,35,40,6
27/10/2016,2,16,17,21,36,38,7
20/10/2016,5,8,12,22,25,34,17
13/10/2016,2,6,8,13,31,36,15
06/10/2016,9,12,21,32,33,37,18
29/09/2016,4,8,18,28,36,39,18
22/09/2016,14,16,20,23,28,33,11
15/09/2016,2,12,13,27,29,32,12
08/09/2016,9,10,17,25,28,31,2
01/09/2016,3,11,13,14,18,22,9
25/08/2016,12,22,24,25,32,39,11
18/08/2016,3,9,18,33,37,40,8
11/08/2016,4,7,12,17,24,35,4
04/08/2016,3,8,16,17,24,38,5
28/07/2016,1,5,21,24,32,36,20
21/07/2016,9,12,14,22,30,36,3
14/07/2016,6,8,13,26,30,31,1
07/07/2016,4,9,14,22,23,32,19
30/06/2016,1,4,13,14,31,33,12
23/06/2016,8,10,17,35,36,40,13
16/06/2016,3,11,17,24,29,37,3
09/06/2016,5,7,13,24,31,38,8
02/06/2016,2,10,19,25,31,39,6
26/05/2016,5,8,15,29,31,35,9
19/05/2016,7,11,22,24,26,29,20
12/05/2016,8,10,18,19,26,36,5
05/05/2016,1,2,11,20,25,38,5
28/04/2016,2,8,9,20,24,31,1
21/04/2016,8,12,18,19,26,33,6
14/04/2016,4,5,7,20,32,40,14
07/04/2016,3,5,15,20,34,35,13
31/03/2016,19,20,23,31,32,34,11
24/03/2016,2,7,16,17,25,32,14
17/03/2016,6,7,15,29,34,36,19
10/03/2016,4,6,20,22,31,33,18
03/03/2016,9,19,20,25,27,32,5
25/02/2016,9,13,14,15,32,38,2
18/02/2016,9,12,16,18,20,29,17
11/02/2016,1,8,21,22,30,33,5
04/02/2016,6,10,17,18,20,36,2
28/01/2016,2,9,17,29,31,33,9
21/01/2016,19,20,22,23,26,36,14
14/01/2016,12,19,23,34,36,37,20
07/01/2016,4,14,18,20,23,34,18
31/12/2015,17,20,26,33,34,37,17
24/12/2015,1,8,15,26,32,38,19
17/12/2015,2,7,9,23,32,40,9
10/12/2015,10,14,17,18,28,35,9
03/12/2015,2,7,11,19,21,25,16
26/11/2015,3,4,8,17,19,33,9
19/11/2015,2,5,13,16,23,38,18
12/11/2015,1,3,15,19,26,35,18
05/11/2015,13,17,19,20,24,31,19
29/10/2015,4,10,23,24,26,34,5
22/10/2015,9,12,18,31,35,38,10
15/10/2015,6,7,13,20,23,29,18
08/10/2015,5,6,13,20,27,35,3
01/10/2015,3,5,16,17,27,40,18
24/09/2015,7,15,16,21,34,39,5
17/09/2015,7,16,21,38,39,40,10
10/09/2015,11,12,15,24,29,38,15
03/09/2015,3,15,21,30,32,33,17
27/08/2015,2,5,6,11,23,28,14
20/08/2015,2,3,17,19,20,33,1
13/08/2015,1,5,11,12,26,39,14
06/08/2015,5,7,16,17,25,26,17
30/07/2015,1,3,7,20,21,36,19
23/07/2015,3,9,21,25,27,32,18
16/07/2015,2,5,11,18,25,39,2
09/07/2015,2,17,19,24,27,35,11
02/07/2015,7,17,23,26,37,39,12
25/06/2015,1,4,24,25,26,37,19
18/06/2015,10,15,22,25,34,37,19
11/06/2015,14,16,17,18,32,35,1
04/06/2015,3,4,8,16,21,33,8
28/05/2015,25,26,29,31,37,39,2
21/05/2015,6,13,14,31,35,40,16
14/05/2015,5,13,27,29,31,38,1
07/05/2015,10,19,20,22,32,33,12
30/04/2015,6,15,18,24,35,37,15
23/04/2015,2,9,25,27,32,34,8
16/04/2015,6,8,18,25,27,29,2
09/04/2015,6,9,17,23,30,37,11
02/04/2015,5,9,11,23,24,33,13
26/03/2015,1,10,15,19,25,35,18
19/03/2015,7,8,14,18,24,35,15
12/03/2015,4,6,8,23,32,40,1
05/03/2015,2,4,6,23,28,32,7
26/02/2015,5,8,18,19,22,36,9
19/02/2015,3,4,7,27,36,38,11
12/02/2015,1,3,5,11,28,39,10
05/02/2015,16,21,22,29,31,36,13
29/01/2015,3,6,18,32,35,37,2
22/01/2015,13,17,22,25,38,40,2
15/01/2015,5,13,20,26,31,37,3
08/01/2015,2,10,15,32,34,37,5
01/01/2015,18,24,25,27,32,34,6
25/12/2014,13,16,19,31,32,38,5
18/12/2014,14,24,33,35,36,38,2
11/12/2014,7,9,20,31,32,36,19
04/12/2014,4,5,6,8,36,39,8
27/11/2014,3,5,10,22,32,37,13
20/11/2014,7,24,25,26,36,37,12
13/11/2014,4,5,7,14,19,28,18
06/11/2014,5,12,21,27,29,39,19
30/10/2014,1,4,6,15,30,36,5
23/10/2014,13,19,22,24,30,39,11
16/10/2014,4,9,13,18,26,34,3
09/10/2014,2,24,25,26,29,35,8
02/10/2014,13,17,18,23,25,27,1
25/09/2014,9,19,27,31,32,40,1
18/09/2014,3,10,11,16,34,35,4
11/09/2014,4,16,18,30,39,40,19
04/09/2014,2,17,18,24,25,26,6
28/08/2014,9,11,14,23,26,28,11
21/08/2014,5,7,8,19,32,40,12
14/08/2014,1,8,12,26,31,38,6
07/08/2014,7,12,26,27,31,32,12
31/07/2014,5,16,23,24,31,37,15
24/07/2014,1,8,11,15,21,31,20
17/07/2014,1,6,9,31,38,39,10
10/07/2014,10,13,15,20,21,33,2
03/07/2014,26,27,28,31,36,38,15
26/06/2014,2,9,10,20,32,33,7
19/06/2014,17,26,30,32,35,40,19
12/06/2014,6,19,24,29,32,39,7
05/06/2014,3,6,11,14,17,35,4
29/05/2014,2,14,15,21,22,32,15
22/05/2014,3,4,6,12,13,20,1
15/05/2014,8,30,32,34,35,36,4
08/05/2014,7,8,13,21,28,34,4
01/05/2014,5,21,28,33,36,37,2
24/04/2014,8,15,19,21,33,36,3
17/04/2014,8,11,16,20,23,29,9
10/04/2014,21,22,29,36,38,39,12
03/04/2014,16,18,27,28,29,32,2
27/03/2014,2,15,19,21,34,39,10
20/03/2014,11,20,22,27,34,39,6
13/03/2014,3,4,9,31,37,38,6
06/03/2014,20,21,24,26,28,38,15
27/02/2014,1,14,18,22,30,34,17
20/02/2014,4,6,25,26,29,40,18
13/02/2014,6,8,11,13,24,34,7
06/02/2014,3,5,7,10,13,22,15
30/01/2014,9,13,14,15,29,32,17
23/01/2014,7,9,14,24,28,31,11
16/01/2014,19,26,27,33,34,37,20
09/01/2014,14,18,19,20,24,29,11
02/01/2014,4,8,13,29,36,38,3
26/12/2013,3,7,16,25,35,39,13
19/12/2013,10,11,12,30,32,35,10
12/12/2013,16,24,33,37,39,40,1
05/12/2013,4,6,11,16,21,37,3
28/11/2013,12,18,20,22,23,37,5
21/11/2013,1,10,16,19,27,34,10
14/11/2013,5,8,15,16,18,29,19
07/11/2013,9,13,14,25,27,34,15
31/10/2013,4,13,17,28,34,36,19
24/10/2013,2,12,14,20,30,38,15
17/10/2013,4,8,12,13,19,30,2
10/10/2013,4,13,19,27,32,39,16
03/10/2013,9,10,18,30,31,33,10
26/09/2013,7,9,12,17,23,40,8
19/09/2013,4,7,9,19,20,29,12
12/09/2013,5,15,22,29,36,40,4
05/09/2013,2,10,12,14,16,20,8
29/08/2013,3,4,6,29,34,39,7
22/08/2013,6,10,15,24,32,37,11
15/08/2013,3,9,12,14,23,27,12
08/08/2013,1,8,20,22,23,25,12
01/08/2013,4,16,18,23,24,29,8
25/07/2013,6,7,20,23,28,40,15
18/07/2013,15,26,29,30,32,36,4
11/07/2013,9,10,15,21,35,38,9
04/07/2013,1,8,14,16,17,23,11
27/06/2013,3,4,10,25,28,32,9
20/06/2013,5,8,17,19,33,37,14
13/06/2013,11,12,13,24,25,38,7
06/06/2013,5,14,16,20,26,29,8
30/05/2013,10,19,26,29,34,37,16
23/05/2013,1,6,10,14,26,27,7
16/05/2013,4,23,24,26,31,40,13
09/05/2013,2,4,23,26,30,33,4
02/05/2013,4,10,23,34,37,39,20
25/04/2013,4,13,17,18,22,26,20
18/04/2013,20,25,29,32,33,34,2
11/04/2013,4,7,24,28,35,40,12
04/04/2013,7,21,34,35,38,39,5
28/03/2013,2,5,21,26,27,28,19
21/03/2013,3,22,26,32,34,38,18
14/03/2013,5,9,23,30,35,37,18
07/03/2013,8,16,19,25,26,29,5